canonical_url,story_label,topic
https://techledger.example/northwind-labs-releases-atlas-3-agent-model-with-128k-context-window,story_agent_benchmark,ai_models
https://wirefront.example/atlas-3-launch-northwind-claims-71-4-percent-on-agent-benchmark,story_agent_benchmark,ai_models
https://circuitdesk.example/developers-get-access-to-northwind-s-atlas-3-agent-model,story_agent_benchmark,ai_models
https://syndicatewire.example/northwind-labs-releases-atlas-3-agent-model-with-128k-context-window,story_agent_benchmark,ai_models
https://modelbeat.example/northwind-s-atlas-3-agent-benchmark-score-disputed-by-analysts,story_agent_benchmark,ai_models
https://policybench.example/eu-regulators-publish-draft-transparency-rules-for-general-purpose-ai-,story_eu_ai_rules,ai_safety
https://civicsignal.example/draft-eu-rules-would-force-ai-providers-to-publish-training-data-summa,story_eu_ai_rules,ai_safety
https://wirefront.example/industry-groups-push-back-on-eu-ai-transparency-consultation-timeline,story_eu_ai_rules,ai_safety
https://techledger.example/what-the-eu-s-draft-general-purpose-ai-rules-would-require,story_eu_ai_rules,ai_safety
https://chipwatch.example/meridian-semiconductor-to-build-4-2-billion-packaging-plant-in-arizona,story_chip_export,chips_and_compute
https://circuitdesk.example/meridian-confirms-arizona-advanced-packaging-site-1-800-jobs-promised,story_chip_export,chips_and_compute
https://marketfloor.example/meridian-s-arizona-packaging-plant-listed-at-3-8-billion-in-state-fili,story_chip_export,chips_and_compute
https://syndicatewire.example/meridian-semiconductor-to-build-4-2-billion-packaging-plant-in-arizona,story_chip_export,chips_and_compute
https://secureloop.example/researchers-disclose-prompt-injection-flaw-affecting-three-agent-frame,story_prompt_injection,ai_safety
https://modelbeat.example/agent-frameworks-patched-after-halden-prompt-injection-disclosure,story_prompt_injection,ai_safety
https://policybench.example/halden-disclosure-renews-debate-over-agent-tool-permissions,story_prompt_injection,ai_safety
https://marketfloor.example/grid-operator-warns-data-centre-demand-could-add-6-gigawatts-by-2030,story_datacenter_power,chips_and_compute
https://chipwatch.example/data-centre-growth-pushes-regional-grid-planners-toward-transmission-u,story_datacenter_power,chips_and_compute
https://modelbeat.example/kestrel-institute-publishes-open-weight-12b-model-under-a-research-lic,story_open_weights,ai_models
https://techledger.example/kestrel-s-12b-open-weight-release-comes-with-research-only-terms,story_open_weights,ai_models
https://wirefront.example/open-weight-model-releases-accelerate-as-kestrel-joins-with-12b-system,story_open_weights,ai_models
https://civicsignal.example/labour-board-opens-inquiry-into-automated-screening-at-three-employers,story_ai_hiring,ai_models
https://policybench.example/employers-defend-automated-screening-as-labour-board-inquiry-begins,story_ai_hiring,ai_models
https://civicsignal.example/vantara-systems-releases-aster-2-a-27b-parameter-model-for-document-an,bg_story_000,ai_models
https://silicondaily.example/systems-releases-aster-2-a-27b-parameter-model-for-document-analysis-v,bg_story_000,ai_models
https://syndicatewire.example/vantara-systems-releases-aster-2-a-27b-parameter-model-for-document-an,bg_story_000,ai_models
https://policybench.example/blue-harbor-ai-reports-10-security-findings-in-basalt-1-evaluation,bg_story_001,ai_safety
https://secureloop.example/harbor-ai-reports-10-security-findings-in-basalt-1-evaluation-blue-har,bg_story_001,ai_safety
https://civicsignal.example/what-blue-harbor-ai-announced-harbor-ai-reports-10-security-findings-i,bg_story_001,ai_safety
https://civicsignal.example/corvid-compute-commits-3-9-billion-to-northgate-fabrication-plant-expa,bg_story_002,chips_and_compute
https://gridnotes.example/compute-commits-3-9-billion-to-northgate-fabrication-plant-expansion-c,bg_story_002,chips_and_compute
https://wirefront.example/what-corvid-compute-announced-compute-commits-3-9-billion-to-northgate,bg_story_002,chips_and_compute
https://openweights.example/corvid-compute-compute-commits-3-9-billion-to-northgate-fabrication-pl,bg_story_002,chips_and_compute
https://secureloop.example/regulators-review-larkspur-robotics-s-1-7-billion-northgate-fabricatio,bg_story_003,chips_and_compute
https://policybench.example/review-larkspur-robotics-s-1-7-billion-northgate-fabrication-plant-agr,bg_story_003,chips_and_compute
https://silicondaily.example/what-larkspur-robotics-announced-review-larkspur-robotics-s-1-7-billio,bg_story_003,chips_and_compute
https://techledger.example/larkspur-robotics-review-larkspur-robotics-s-1-7-billion-northgate-fab,bg_story_003,chips_and_compute
https://chipwatch.example/ostrom-analytics-opens-ember-1-weights-to-researchers-under-research-o,bg_story_004,ai_models
https://openweights.example/analytics-opens-ember-1-weights-to-researchers-under-research-only-ter,bg_story_004,ai_models
https://chipwatch.example/pellucid-labs-releases-fathom-1-a-27b-parameter-model-for-agent-orches,bg_story_005,ai_models
https://openweights.example/labs-releases-fathom-1-a-27b-parameter-model-for-agent-orchestration-p,bg_story_005,ai_models
https://wirefront.example/what-pellucid-labs-announced-labs-releases-fathom-1-a-27b-parameter-mo,bg_story_005,ai_models
https://syndicatewire.example/pellucid-labs-releases-fathom-1-a-27b-parameter-model-for-agent-orches,bg_story_005,ai_models
https://chipwatch.example/quillon-networks-reports-18-security-findings-in-glint-2-evaluation,bg_story_006,ai_safety
https://marketfloor.example/networks-reports-18-security-findings-in-glint-2-evaluation-quillon-ne,bg_story_006,ai_safety
https://wirefront.example/what-quillon-networks-announced-networks-reports-18-security-findings-,bg_story_006,ai_safety
https://secureloop.example/quillon-networks-networks-reports-18-security-findings-in-glint-2-eval,bg_story_006,ai_safety
https://techledger.example/redshift-foundry-commits-6-2-billion-to-fairhaven-packaging-site-expan,bg_story_007,chips_and_compute
https://modelbeat.example/foundry-commits-6-2-billion-to-fairhaven-packaging-site-expansion-reds,bg_story_007,chips_and_compute
https://civicsignal.example/what-redshift-foundry-announced-foundry-commits-6-2-billion-to-fairhav,bg_story_007,chips_and_compute
https://circuitdesk.example/redshift-foundry-foundry-commits-6-2-billion-to-fairhaven-packaging-si,bg_story_007,chips_and_compute
https://silicondaily.example/regulators-review-sableport-semiconductors-s-2-7-billion-riverbend-sub,bg_story_008,chips_and_compute
https://gridnotes.example/review-sableport-semiconductors-s-2-7-billion-riverbend-substrate-work,bg_story_008,chips_and_compute
https://policybench.example/what-sableport-semiconductors-announced-review-sableport-semiconductor,bg_story_008,chips_and_compute
https://modelbeat.example/sableport-semiconductors-review-sableport-semiconductors-s-2-7-billion,bg_story_008,chips_and_compute
https://silicondaily.example/tessellate-ai-opens-juniper-2-weights-to-researchers-under-non-commerc,bg_story_009,ai_models
https://circuitdesk.example/ai-opens-juniper-2-weights-to-researchers-under-non-commercial-terms-t,bg_story_009,ai_models
https://policybench.example/what-tessellate-ai-announced-ai-opens-juniper-2-weights-to-researchers,bg_story_009,ai_models
https://civicsignal.example/umbra-research-releases-kelvin-2-a-34b-parameter-model-for-customer-su,bg_story_010,ai_models
https://openweights.example/research-releases-kelvin-2-a-34b-parameter-model-for-customer-support-,bg_story_010,ai_models
https://syndicatewire.example/umbra-research-releases-kelvin-2-a-34b-parameter-model-for-customer-su,bg_story_010,ai_models
https://wirefront.example/verity-compute-reports-9-security-findings-in-lattice-1-evaluation,bg_story_011,ai_safety
https://chipwatch.example/compute-reports-9-security-findings-in-lattice-1-evaluation-verity-com,bg_story_011,ai_safety
https://gridnotes.example/what-verity-compute-announced-compute-reports-9-security-findings-in-l,bg_story_011,ai_safety
https://wirefront.example/windrow-institute-commits-5-1-billion-to-sandhill-test-facility-expans,bg_story_012,chips_and_compute
https://policybench.example/institute-commits-5-1-billion-to-sandhill-test-facility-expansion-wind,bg_story_012,chips_and_compute
https://secureloop.example/what-windrow-institute-announced-institute-commits-5-1-billion-to-sand,bg_story_012,chips_and_compute
https://chipwatch.example/windrow-institute-institute-commits-5-1-billion-to-sandhill-test-facil,bg_story_012,chips_and_compute
https://modelbeat.example/regulators-review-yarrow-dynamics-s-7-1-billion-fairhaven-packaging-si,bg_story_013,chips_and_compute
https://openweights.example/review-yarrow-dynamics-s-7-1-billion-fairhaven-packaging-site-agreemen,bg_story_013,chips_and_compute
https://chipwatch.example/what-yarrow-dynamics-announced-review-yarrow-dynamics-s-7-1-billion-fa,bg_story_013,chips_and_compute
https://wirefront.example/zephyr-silicon-opens-onyx-4-weights-to-researchers-under-research-only,bg_story_014,ai_models
https://gridnotes.example/silicon-opens-onyx-4-weights-to-researchers-under-research-only-terms-,bg_story_014,ai_models
https://modelbeat.example/what-zephyr-silicon-announced-silicon-opens-onyx-4-weights-to-research,bg_story_014,ai_models
https://chipwatch.example/zephyr-silicon-silicon-opens-onyx-4-weights-to-researchers-under-resea,bg_story_014,ai_models
https://techledger.example/ashgrove-data-releases-prism-2-a-12b-parameter-model-for-customer-supp,bg_story_015,ai_models
https://silicondaily.example/data-releases-prism-2-a-12b-parameter-model-for-customer-support-autom,bg_story_015,ai_models
https://secureloop.example/what-ashgrove-data-announced-data-releases-prism-2-a-12b-parameter-mod,bg_story_015,ai_models
https://wirefront.example/ashgrove-data-data-releases-prism-2-a-12b-parameter-model-for-customer,bg_story_015,ai_models
https://syndicatewire.example/ashgrove-data-releases-prism-2-a-12b-parameter-model-for-customer-supp,bg_story_015,ai_models
https://openweights.example/bellweather-models-reports-4-security-findings-in-aster-1-evaluation,bg_story_016,ai_safety
https://secureloop.example/models-reports-4-security-findings-in-aster-1-evaluation-bellweather-m,bg_story_016,ai_safety
https://civicsignal.example/cinderpeak-cloud-commits-2-8-billion-to-fairhaven-packaging-site-expan,bg_story_017,chips_and_compute
https://gridnotes.example/cloud-commits-2-8-billion-to-fairhaven-packaging-site-expansion-cinder,bg_story_017,chips_and_compute
https://civicsignal.example/regulators-review-dunmore-chips-s-2-9-billion-sandhill-test-facility-a,bg_story_018,chips_and_compute
https://marketfloor.example/review-dunmore-chips-s-2-9-billion-sandhill-test-facility-agreement-du,bg_story_018,chips_and_compute
https://openweights.example/what-dunmore-chips-announced-review-dunmore-chips-s-2-9-billion-sandhi,bg_story_018,chips_and_compute
https://modelbeat.example/eastvale-ai-opens-drift-3-weights-to-researchers-under-research-only-t,bg_story_019,ai_models
https://techledger.example/ai-opens-drift-3-weights-to-researchers-under-research-only-terms-east,bg_story_019,ai_models
https://openweights.example/what-eastvale-ai-announced-ai-opens-drift-3-weights-to-researchers-und,bg_story_019,ai_models
https://policybench.example/eastvale-ai-ai-opens-drift-3-weights-to-researchers-under-research-onl,bg_story_019,ai_models
https://secureloop.example/vantara-systems-releases-ember-3-a-12b-parameter-model-for-agent-orche,bg_story_020,ai_models
https://silicondaily.example/systems-releases-ember-3-a-12b-parameter-model-for-agent-orchestration,bg_story_020,ai_models
https://techledger.example/what-vantara-systems-announced-systems-releases-ember-3-a-12b-paramete,bg_story_020,ai_models
https://syndicatewire.example/vantara-systems-releases-ember-3-a-12b-parameter-model-for-agent-orche,bg_story_020,ai_models
https://circuitdesk.example/blue-harbor-ai-reports-3-security-findings-in-fathom-2-evaluation,bg_story_021,ai_safety
https://marketfloor.example/harbor-ai-reports-3-security-findings-in-fathom-2-evaluation-blue-harb,bg_story_021,ai_safety
https://wirefront.example/corvid-compute-commits-4-4-billion-to-fairhaven-packaging-site-expansi,bg_story_022,chips_and_compute
https://silicondaily.example/compute-commits-4-4-billion-to-fairhaven-packaging-site-expansion-corv,bg_story_022,chips_and_compute
https://techledger.example/what-corvid-compute-announced-compute-commits-4-4-billion-to-fairhaven,bg_story_022,chips_and_compute
https://modelbeat.example/corvid-compute-compute-commits-4-4-billion-to-fairhaven-packaging-site,bg_story_022,chips_and_compute
https://openweights.example/regulators-review-larkspur-robotics-s-5-9-billion-sandhill-test-facili,bg_story_023,chips_and_compute
https://circuitdesk.example/review-larkspur-robotics-s-5-9-billion-sandhill-test-facility-agreemen,bg_story_023,chips_and_compute
https://techledger.example/what-larkspur-robotics-announced-review-larkspur-robotics-s-5-9-billio,bg_story_023,chips_and_compute
https://silicondaily.example/larkspur-robotics-review-larkspur-robotics-s-5-9-billion-sandhill-test,bg_story_023,chips_and_compute
https://openweights.example/ostrom-analytics-opens-ingot-4-weights-to-researchers-under-community-,bg_story_024,ai_models
https://circuitdesk.example/analytics-opens-ingot-4-weights-to-researchers-under-community-terms-o,bg_story_024,ai_models
https://policybench.example/what-ostrom-analytics-announced-analytics-opens-ingot-4-weights-to-res,bg_story_024,ai_models
https://civicsignal.example/ostrom-analytics-analytics-opens-ingot-4-weights-to-researchers-under-,bg_story_024,ai_models
https://modelbeat.example/pellucid-labs-releases-juniper-4-a-34b-parameter-model-for-retrieval-w,bg_story_025,ai_models
https://gridnotes.example/labs-releases-juniper-4-a-34b-parameter-model-for-retrieval-workloads-,bg_story_025,ai_models
https://silicondaily.example/what-pellucid-labs-announced-labs-releases-juniper-4-a-34b-parameter-m,bg_story_025,ai_models
https://openweights.example/pellucid-labs-labs-releases-juniper-4-a-34b-parameter-model-for-retrie,bg_story_025,ai_models
https://syndicatewire.example/pellucid-labs-releases-juniper-4-a-34b-parameter-model-for-retrieval-w,bg_story_025,ai_models
https://openweights.example/quillon-networks-reports-5-security-findings-in-kelvin-2-evaluation,bg_story_026,ai_safety
https://circuitdesk.example/networks-reports-5-security-findings-in-kelvin-2-evaluation-quillon-ne,bg_story_026,ai_safety
https://gridnotes.example/what-quillon-networks-announced-networks-reports-5-security-findings-i,bg_story_026,ai_safety
https://marketfloor.example/redshift-foundry-commits-0-8-billion-to-sandhill-test-facility-expansi,bg_story_027,chips_and_compute
https://silicondaily.example/foundry-commits-0-8-billion-to-sandhill-test-facility-expansion-redshi,bg_story_027,chips_and_compute
https://policybench.example/regulators-review-sableport-semiconductors-s-3-3-billion-riverbend-sub,bg_story_028,chips_and_compute
https://chipwatch.example/review-sableport-semiconductors-s-3-3-billion-riverbend-substrate-work,bg_story_028,chips_and_compute
https://policybench.example/tessellate-ai-opens-nimbus-3-weights-to-researchers-under-community-te,bg_story_029,ai_models
https://chipwatch.example/ai-opens-nimbus-3-weights-to-researchers-under-community-terms-tessell,bg_story_029,ai_models
https://civicsignal.example/what-tessellate-ai-announced-ai-opens-nimbus-3-weights-to-researchers-,bg_story_029,ai_models
https://secureloop.example/umbra-research-releases-onyx-1-a-8b-parameter-model-for-agent-orchestr,bg_story_030,ai_models
https://techledger.example/research-releases-onyx-1-a-8b-parameter-model-for-agent-orchestration-,bg_story_030,ai_models
https://openweights.example/what-umbra-research-announced-research-releases-onyx-1-a-8b-parameter-,bg_story_030,ai_models
https://silicondaily.example/umbra-research-research-releases-onyx-1-a-8b-parameter-model-for-agent,bg_story_030,ai_models
https://syndicatewire.example/umbra-research-releases-onyx-1-a-8b-parameter-model-for-agent-orchestr,bg_story_030,ai_models
https://marketfloor.example/verity-compute-reports-7-security-findings-in-prism-3-evaluation,bg_story_031,ai_safety
https://policybench.example/compute-reports-7-security-findings-in-prism-3-evaluation-verity-compu,bg_story_031,ai_safety
https://secureloop.example/windrow-institute-commits-3-4-billion-to-fairhaven-packaging-site-expa,bg_story_032,chips_and_compute
https://wirefront.example/institute-commits-3-4-billion-to-fairhaven-packaging-site-expansion-wi,bg_story_032,chips_and_compute
https://chipwatch.example/regulators-review-yarrow-dynamics-s-7-1-billion-northgate-fabrication-,bg_story_033,chips_and_compute
https://secureloop.example/review-yarrow-dynamics-s-7-1-billion-northgate-fabrication-plant-agree,bg_story_033,chips_and_compute
